{"cameraMode":{"drawMode":0,"name":"Shaded","section":"Shading Mode"},"sceneLighting":true,"audioPlay":false,"sceneViewState":{"m_AlwaysRefresh":false,"showFog":true,"showSkybox":true,"showFlares":true,"showImageEffects":true,"showParticleSystems":true,"showVisualEffectGraphs":true,"m_FxEnabled":true},"in2DMode":false,"pivot":{"x":459.5522155761719,"y":94.44123077392578,"z":992.5620727539063},"rotation":{"x":-0.01981036178767681,"y":-0.009274519979953766,"z":0.00014954901416786015,"w":-0.9998608827590942},"size":10.920249938964844,"orthographic":false}